antecedent_codes,antecedent_labels,consequent_codes,consequent_labels,support,confidence,lift
CIR008 | END003,CIR008: Hypertension with complications and secondary hypertension | END003: Diabetes mellitus with complication,END010 | FAC025 | GEN003,END010: Disorders of lipid metabolism | FAC025: Other specified status | GEN003: Chronic kidney disease,0.0504,0.5121,6.0493
END010 | FAC025 | GEN003,END010: Disorders of lipid metabolism | FAC025: Other specified status | GEN003: Chronic kidney disease,CIR008 | END003,CIR008: Hypertension with complications and secondary hypertension | END003: Diabetes mellitus with complication,0.0504,0.5955,6.0493
CIR019 | END010,CIR019: Heart failure | END010: Disorders of lipid metabolism,CIR008 | CIR011 | FAC025,CIR008: Hypertension with complications and secondary hypertension | CIR011: Coronary atherosclerosis and other heart disease | FAC025: Other specified status,0.0515,0.5806,5.9317
CIR008 | CIR011 | FAC025,CIR008: Hypertension with complications and secondary hypertension | CIR011: Coronary atherosclerosis and other heart disease | FAC025: Other specified status,CIR019 | END010,CIR019: Heart failure | END010: Disorders of lipid metabolism,0.0515,0.526,5.9317
CIR019 | END010 | FAC025,CIR019: Heart failure | END010: Disorders of lipid metabolism | FAC025: Other specified status,CIR008 | CIR011,CIR008: Hypertension with complications and secondary hypertension | CIR011: Coronary atherosclerosis and other heart disease,0.0515,0.6786,5.92
CIR008 | CIR011,CIR008: Hypertension with complications and secondary hypertension | CIR011: Coronary atherosclerosis and other heart disease,CIR019 | END010,CIR019: Heart failure | END010: Disorders of lipid metabolism,0.0601,0.5244,5.9131
CIR019 | END010,CIR019: Heart failure | END010: Disorders of lipid metabolism,CIR008 | CIR011,CIR008: Hypertension with complications and secondary hypertension | CIR011: Coronary atherosclerosis and other heart disease,0.0601,0.6778,5.9131
CIR008 | END003,CIR008: Hypertension with complications and secondary hypertension | END003: Diabetes mellitus with complication,END010 | GEN003,END010: Disorders of lipid metabolism | GEN003: Chronic kidney disease,0.0564,0.573,5.772
END010 | GEN003,END010: Disorders of lipid metabolism | GEN003: Chronic kidney disease,CIR008 | END003,CIR008: Hypertension with complications and secondary hypertension | END003: Diabetes mellitus with complication,0.0564,0.5682,5.772
CIR008 | END003 | FAC025,CIR008: Hypertension with complications and secondary hypertension | END003: Diabetes mellitus with complication | FAC025: Other specified status,END010 | GEN003,END010: Disorders of lipid metabolism | GEN003: Chronic kidney disease,0.0504,0.568,5.7217
END010 | GEN003,END010: Disorders of lipid metabolism | GEN003: Chronic kidney disease,CIR008 | END003 | FAC025,CIR008: Hypertension with complications and secondary hypertension | END003: Diabetes mellitus with complication | FAC025: Other specified status,0.0504,0.5079,5.7217
PNL001 | PNL007,PNL001: Liveborn | PNL007: Hemolytic jaundice and perinatal jaundice,FAC016,"FAC016: Exposure, encounters, screening or contact with infectious disease",0.0874,0.9708,5.367
PNL001,PNL001: Liveborn,FAC016,"FAC016: Exposure, encounters, screening or contact with infectious disease",0.1199,0.9688,5.356
FAC016,"FAC016: Exposure, encounters, screening or contact with infectious disease",PNL001,PNL001: Liveborn,0.1199,0.6627,5.356
CIR008 | CIR017,CIR008: Hypertension with complications and secondary hypertension | CIR017: Cardiac dysrhythmias,CIR019,CIR019: Heart failure,0.0668,0.7605,5.2065
CIR019 | FAC021,CIR019: Heart failure | FAC021: Personal/family history of disease,CIR008 | CIR011,CIR008: Hypertension with complications and secondary hypertension | CIR011: Coronary atherosclerosis and other heart disease,0.0529,0.5941,5.183
CIR008 | CIR017 | FAC025,CIR008: Hypertension with complications and secondary hypertension | CIR017: Cardiac dysrhythmias | FAC025: Other specified status,CIR019,CIR019: Heart failure,0.0566,0.7555,5.172
PNL007,PNL007: Hemolytic jaundice and perinatal jaundice,FAC016,"FAC016: Exposure, encounters, screening or contact with infectious disease",0.0883,0.934,5.1633
CIR008 | END003,CIR008: Hypertension with complications and secondary hypertension | END003: Diabetes mellitus with complication,FAC025 | GEN003,FAC025: Other specified status | GEN003: Chronic kidney disease,0.0705,0.7164,5.1599
FAC025 | GEN003,FAC025: Other specified status | GEN003: Chronic kidney disease,CIR008 | END003,CIR008: Hypertension with complications and secondary hypertension | END003: Diabetes mellitus with complication,0.0705,0.508,5.1599
CIR008 | CIR017,CIR008: Hypertension with complications and secondary hypertension | CIR017: Cardiac dysrhythmias,CIR019 | FAC025,CIR019: Heart failure | FAC025: Other specified status,0.0566,0.6445,5.1473
CIR008 | END003 | END010,CIR008: Hypertension with complications and secondary hypertension | END003: Diabetes mellitus with complication | END010: Disorders of lipid metabolism,FAC025 | GEN003,FAC025: Other specified status | GEN003: Chronic kidney disease,0.0504,0.7098,5.1123
END003 | GEN003,END003: Diabetes mellitus with complication | GEN003: Chronic kidney disease,CIR008 | END010 | FAC025,CIR008: Hypertension with complications and secondary hypertension | END010: Disorders of lipid metabolism | FAC025: Other specified status,0.0504,0.6158,5.085
BLD003 | CIR008 | FAC025,BLD003: Aplastic anemia | CIR008: Hypertension with complications and secondary hypertension | FAC025: Other specified status,GEN003,GEN003: Chronic kidney disease,0.0519,0.8229,5.0439
CIR008 | CIR011 | FAC025,CIR008: Hypertension with complications and secondary hypertension | CIR011: Coronary atherosclerosis and other heart disease | FAC025: Other specified status,CIR019,CIR019: Heart failure,0.0718,0.7341,5.0254
CIR008 | CIR011 | FAC021,CIR008: Hypertension with complications and secondary hypertension | CIR011: Coronary atherosclerosis and other heart disease | FAC021: Personal/family history of disease,CIR019,CIR019: Heart failure,0.0529,0.7335,5.0214
CIR019 | FAC025,CIR019: Heart failure | FAC025: Other specified status,CIR008 | CIR011,CIR008: Hypertension with complications and secondary hypertension | CIR011: Coronary atherosclerosis and other heart disease,0.0718,0.5738,5.0057
CIR008 | CIR011,CIR008: Hypertension with complications and secondary hypertension | CIR011: Coronary atherosclerosis and other heart disease,CIR019 | FAC025,CIR019: Heart failure | FAC025: Other specified status,0.0718,0.6268,5.0057
CIR008 | CIR011,CIR008: Hypertension with complications and secondary hypertension | CIR011: Coronary atherosclerosis and other heart disease,CIR019,CIR019: Heart failure,0.0838,0.7307,5.0021
CIR019,CIR019: Heart failure,CIR008 | CIR011,CIR008: Hypertension with complications and secondary hypertension | CIR011: Coronary atherosclerosis and other heart disease,0.0838,0.5734,5.0021
CIR011 | GEN003,CIR011: Coronary atherosclerosis and other heart disease | GEN003: Chronic kidney disease,CIR008 | END010,CIR008: Hypertension with complications and secondary hypertension | END010: Disorders of lipid metabolism,0.0544,0.7126,4.9992
CIR008 | CIR011 | END010 | FAC025,CIR008: Hypertension with complications and secondary hypertension | CIR011: Coronary atherosclerosis and other heart disease | END010: Disorders of lipid metabolism | FAC025: Other specified status,CIR019,CIR019: Heart failure,0.0515,0.7299,4.997
CIR008 | CIR011 | END010,CIR008: Hypertension with complications and secondary hypertension | CIR011: Coronary atherosclerosis and other heart disease | END010: Disorders of lipid metabolism,CIR019,CIR019: Heart failure,0.0601,0.7255,4.9666
CIR008 | CIR011 | END010,CIR008: Hypertension with complications and secondary hypertension | CIR011: Coronary atherosclerosis and other heart disease | END010: Disorders of lipid metabolism,CIR019 | FAC025,CIR019: Heart failure | FAC025: Other specified status,0.0515,0.6214,4.9627
CIR008 | END003 | END010 | FAC025,CIR008: Hypertension with complications and secondary hypertension | END003: Diabetes mellitus with complication | END010: Disorders of lipid metabolism | FAC025: Other specified status,GEN003,GEN003: Chronic kidney disease,0.0504,0.7953,4.8749
CIR008 | END003,CIR008: Hypertension with complications and secondary hypertension | END003: Diabetes mellitus with complication,GEN003,GEN003: Chronic kidney disease,0.0782,0.7948,4.8718
CIR008 | END003 | FAC025,CIR008: Hypertension with complications and secondary hypertension | END003: Diabetes mellitus with complication | FAC025: Other specified status,GEN003,GEN003: Chronic kidney disease,0.0705,0.7946,4.8706
CIR008 | END003 | END010,CIR008: Hypertension with complications and secondary hypertension | END003: Diabetes mellitus with complication | END010: Disorders of lipid metabolism,GEN003,GEN003: Chronic kidney disease,0.0564,0.7942,4.868
CIR011 | CIR019,CIR011: Coronary atherosclerosis and other heart disease | CIR019: Heart failure,CIR008 | END010 | FAC025,CIR008: Hypertension with complications and secondary hypertension | END010: Disorders of lipid metabolism | FAC025: Other specified status,0.0515,0.5876,4.852
END003 | GEN003,END003: Diabetes mellitus with complication | GEN003: Chronic kidney disease,CIR008 | END010,CIR008: Hypertension with complications and secondary hypertension | END010: Disorders of lipid metabolism,0.0564,0.6891,4.8342
CIR011 | CIR019,CIR011: Coronary atherosclerosis and other heart disease | CIR019: Heart failure,CIR008 | END010,CIR008: Hypertension with complications and secondary hypertension | END010: Disorders of lipid metabolism,0.0601,0.686,4.8129
CIR011 | CIR019 | FAC025,CIR011: Coronary atherosclerosis and other heart disease | CIR019: Heart failure | FAC025: Other specified status,CIR008 | END010,CIR008: Hypertension with complications and secondary hypertension | END010: Disorders of lipid metabolism,0.0515,0.686,4.8126
BLD003 | CIR008,BLD003: Aplastic anemia | CIR008: Hypertension with complications and secondary hypertension,FAC025 | GEN003,FAC025: Other specified status | GEN003: Chronic kidney disease,0.0519,0.6681,4.8116
BLD003 | CIR008,BLD003: Aplastic anemia | CIR008: Hypertension with complications and secondary hypertension,GEN003,GEN003: Chronic kidney disease,0.0609,0.7844,4.8076
END003 | FAC025 | GEN003,END003: Diabetes mellitus with complication | FAC025: Other specified status | GEN003: Chronic kidney disease,CIR008 | END010,CIR008: Hypertension with complications and secondary hypertension | END010: Disorders of lipid metabolism,0.0504,0.6837,4.7968
END010 | GEN003,END010: Disorders of lipid metabolism | GEN003: Chronic kidney disease,CIR008 | CIR011,CIR008: Hypertension with complications and secondary hypertension | CIR011: Coronary atherosclerosis and other heart disease,0.0544,0.5476,4.777
END003 | END010 | GEN003,END003: Diabetes mellitus with complication | END010: Disorders of lipid metabolism | GEN003: Chronic kidney disease,CIR008 | FAC025,CIR008: Hypertension with complications and secondary hypertension | FAC025: Other specified status,0.0504,0.8771,4.4642
END003 | GEN003,END003: Diabetes mellitus with complication | GEN003: Chronic kidney disease,CIR008 | FAC025,CIR008: Hypertension with complications and secondary hypertension | FAC025: Other specified status,0.0705,0.8616,4.385
CIR019 | END010,CIR019: Heart failure | END010: Disorders of lipid metabolism,CIR008 | FAC021,CIR008: Hypertension with complications and secondary hypertension | FAC021: Personal/family history of disease,0.0545,0.6148,4.3383
CIR008 | DIG004,CIR008: Hypertension with complications and secondary hypertension | DIG004: Esophageal disorders,GEN003,GEN003: Chronic kidney disease,0.0539,0.7065,4.3301
END010 | FAC025 | GEN003,END010: Disorders of lipid metabolism | FAC025: Other specified status | GEN003: Chronic kidney disease,CIR008 | FAC021,CIR008: Hypertension with complications and secondary hypertension | FAC021: Personal/family history of disease,0.0518,0.612,4.3186
CIR008 | END010 | FAC025 | GEN003,CIR008: Hypertension with complications and secondary hypertension | END010: Disorders of lipid metabolism | FAC025: Other specified status | GEN003: Chronic kidney disease,END003,END003: Diabetes mellitus with complication,0.0504,0.614,4.3051
CIR019 | FAC021,CIR019: Heart failure | FAC021: Personal/family history of disease,CIR008 | END010,CIR008: Hypertension with complications and secondary hypertension | END010: Disorders of lipid metabolism,0.0545,0.6125,4.2973
END010 | GEN003,END010: Disorders of lipid metabolism | GEN003: Chronic kidney disease,CIR008 | FAC021 | FAC025,CIR008: Hypertension with complications and secondary hypertension | FAC021: Personal/family history of disease | FAC025: Other specified status,0.0518,0.5219,4.292
CIR008 | END011,CIR008: Hypertension with complications and secondary hypertension | END011: Fluid and electrolyte disorders,GEN003,GEN003: Chronic kidney disease,0.0501,0.6979,4.2779
END010 | FAC021 | GEN003,END010: Disorders of lipid metabolism | FAC021: Personal/family history of disease | GEN003: Chronic kidney disease,CIR008 | FAC025,CIR008: Hypertension with complications and secondary hypertension | FAC025: Other specified status,0.0518,0.8391,4.2705
CIR011 | CIR019,CIR011: Coronary atherosclerosis and other heart disease | CIR019: Heart failure,CIR008 | FAC021,CIR008: Hypertension with complications and secondary hypertension | FAC021: Personal/family history of disease,0.0529,0.6036,4.2588
CIR011 | GEN003,CIR011: Coronary atherosclerosis and other heart disease | GEN003: Chronic kidney disease,CIR008 | FAC025,CIR008: Hypertension with complications and secondary hypertension | FAC025: Other specified status,0.0637,0.8353,4.2512
END010 | FAC025 | GEN003,END010: Disorders of lipid metabolism | FAC025: Other specified status | GEN003: Chronic kidney disease,END003,END003: Diabetes mellitus with complication,0.0513,0.6062,4.2504
CIR019 | GEN003,CIR019: Heart failure | GEN003: Chronic kidney disease,CIR008 | FAC025,CIR008: Hypertension with complications and secondary hypertension | FAC025: Other specified status,0.0644,0.8349,4.2493
CIR011 | CIR019 | END010,CIR011: Coronary atherosclerosis and other heart disease | CIR019: Heart failure | END010: Disorders of lipid metabolism,CIR008 | FAC025,CIR008: Hypertension with complications and secondary hypertension | FAC025: Other specified status,0.0515,0.8338,4.2434
END010 | GEN003,END010: Disorders of lipid metabolism | GEN003: Chronic kidney disease,CIR008 | FAC021,CIR008: Hypertension with complications and secondary hypertension | FAC021: Personal/family history of disease,0.0596,0.6005,4.2372
END010 | GEN003,END010: Disorders of lipid metabolism | GEN003: Chronic kidney disease,CIR008 | FAC025,CIR008: Hypertension with complications and secondary hypertension | FAC025: Other specified status,0.0821,0.8271,4.2096
CIR019 | END010,CIR019: Heart failure | END010: Disorders of lipid metabolism,CIR008 | FAC025,CIR008: Hypertension with complications and secondary hypertension | FAC025: Other specified status,0.0733,0.8269,4.2082
END003 | END010,END003: Diabetes mellitus with complication | END010: Disorders of lipid metabolism,CIR008 | FAC025 | GEN003,CIR008: Hypertension with complications and secondary hypertension | FAC025: Other specified status | GEN003: Chronic kidney disease,0.0504,0.5377,4.1841
CIR008 | END010 | FAC021,CIR008: Hypertension with complications and secondary hypertension | END010: Disorders of lipid metabolism | FAC021: Personal/family history of disease,CIR019,CIR019: Heart failure,0.0545,0.6097,4.1742
CIR011 | CIR019,CIR011: Coronary atherosclerosis and other heart disease | CIR019: Heart failure,CIR008 | FAC025,CIR008: Hypertension with complications and secondary hypertension | FAC025: Other specified status,0.0718,0.8201,4.1736
CIR008 | END010 | FAC021,CIR008: Hypertension with complications and secondary hypertension | END010: Disorders of lipid metabolism | FAC021: Personal/family history of disease,FAC025 | GEN003,FAC025: Other specified status | GEN003: Chronic kidney disease,0.0518,0.5794,4.1732
FAC021 | GEN003,FAC021: Personal/family history of disease | GEN003: Chronic kidney disease,CIR008 | END010 | FAC025,CIR008: Hypertension with complications and secondary hypertension | END010: Disorders of lipid metabolism | FAC025: Other specified status,0.0518,0.5052,4.1714
CIR019 | FAC021,CIR019: Heart failure | FAC021: Personal/family history of disease,CIR008 | FAC025,CIR008: Hypertension with complications and secondary hypertension | FAC025: Other specified status,0.0727,0.8173,4.1598
CIR008 | END010 | FAC025,CIR008: Hypertension with complications and secondary hypertension | END010: Disorders of lipid metabolism | FAC025: Other specified status,GEN003,GEN003: Chronic kidney disease,0.0821,0.678,4.1555
GEN003,GEN003: Chronic kidney disease,CIR008 | END010 | FAC025,CIR008: Hypertension with complications and secondary hypertension | END010: Disorders of lipid metabolism | FAC025: Other specified status,0.0821,0.5033,4.1555
CIR011 | END010 | GEN003,CIR011: Coronary atherosclerosis and other heart disease | END010: Disorders of lipid metabolism | GEN003: Chronic kidney disease,CIR008,CIR008: Hypertension with complications and secondary hypertension,0.0544,0.9851,4.15
CIR008 | END010,CIR008: Hypertension with complications and secondary hypertension | END010: Disorders of lipid metabolism,FAC025 | GEN003,FAC025: Other specified status | GEN003: Chronic kidney disease,0.0821,0.576,4.1488
FAC025 | GEN003,FAC025: Other specified status | GEN003: Chronic kidney disease,CIR008 | END010,CIR008: Hypertension with complications and secondary hypertension | END010: Disorders of lipid metabolism,0.0821,0.5914,4.1488
CIR008 | END010 | FAC025,CIR008: Hypertension with complications and secondary hypertension | END010: Disorders of lipid metabolism | FAC025: Other specified status,CIR019,CIR019: Heart failure,0.0733,0.6054,4.1447
CIR019,CIR019: Heart failure,CIR008 | END010 | FAC025,CIR008: Hypertension with complications and secondary hypertension | END010: Disorders of lipid metabolism | FAC025: Other specified status,0.0733,0.502,4.1447
CIR008 | FAC021,CIR008: Hypertension with complications and secondary hypertension | FAC021: Personal/family history of disease,FAC025 | GEN003,FAC025: Other specified status | GEN003: Chronic kidney disease,0.0815,0.5747,4.1394
FAC025 | GEN003,FAC025: Other specified status | GEN003: Chronic kidney disease,CIR008 | FAC021,CIR008: Hypertension with complications and secondary hypertension | FAC021: Personal/family history of disease,0.0815,0.5866,4.1394
END003 | END010 | FAC025 | GEN003,END003: Diabetes mellitus with complication | END010: Disorders of lipid metabolism | FAC025: Other specified status | GEN003: Chronic kidney disease,CIR008,CIR008: Hypertension with complications and secondary hypertension,0.0504,0.9824,4.1386
END003 | END010 | GEN003,END003: Diabetes mellitus with complication | END010: Disorders of lipid metabolism | GEN003: Chronic kidney disease,CIR008,CIR008: Hypertension with complications and secondary hypertension,0.0564,0.9814,4.1345
CIR008 | END010,CIR008: Hypertension with complications and secondary hypertension | END010: Disorders of lipid metabolism,GEN003,GEN003: Chronic kidney disease,0.096,0.6734,4.1274
GEN003,GEN003: Chronic kidney disease,CIR008 | END010,CIR008: Hypertension with complications and secondary hypertension | END010: Disorders of lipid metabolism,0.096,0.5883,4.1274
CIR019 | END010 | FAC021,CIR019: Heart failure | END010: Disorders of lipid metabolism | FAC021: Personal/family history of disease,CIR008,CIR008: Hypertension with complications and secondary hypertension,0.0545,0.9794,4.1257
CIR019,CIR019: Heart failure,CIR008 | END010,CIR008: Hypertension with complications and secondary hypertension | END010: Disorders of lipid metabolism,0.0859,0.588,4.1249
CIR008 | END010,CIR008: Hypertension with complications and secondary hypertension | END010: Disorders of lipid metabolism,CIR019,CIR019: Heart failure,0.0859,0.6025,4.1249
CIR008 | END010 | GEN003,CIR008: Hypertension with complications and secondary hypertension | END010: Disorders of lipid metabolism | GEN003: Chronic kidney disease,END003,END003: Diabetes mellitus with complication,0.0564,0.5877,4.1205
FAC021 | FAC025 | GEN003,FAC021: Personal/family history of disease | FAC025: Other specified status | GEN003: Chronic kidney disease,CIR008 | END010,CIR008: Hypertension with complications and secondary hypertension | END010: Disorders of lipid metabolism,0.0518,0.5859,4.1103
CIR008 | END010,CIR008: Hypertension with complications and secondary hypertension | END010: Disorders of lipid metabolism,CIR019 | FAC025,CIR019: Heart failure | FAC025: Other specified status,0.0733,0.5144,4.1081
CIR019 | FAC025,CIR019: Heart failure | FAC025: Other specified status,CIR008 | END010,CIR008: Hypertension with complications and secondary hypertension | END010: Disorders of lipid metabolism,0.0733,0.5856,4.1081
CIR008 | FAC021 | FAC025,CIR008: Hypertension with complications and secondary hypertension | FAC021: Personal/family history of disease | FAC025: Other specified status,GEN003,GEN003: Chronic kidney disease,0.0815,0.6698,4.1055
CIR011 | CIR019 | END010,CIR011: Coronary atherosclerosis and other heart disease | CIR019: Heart failure | END010: Disorders of lipid metabolism,CIR008,CIR008: Hypertension with complications and secondary hypertension,0.0601,0.9734,4.1007
CIR008 | FAC021,CIR008: Hypertension with complications and secondary hypertension | FAC021: Personal/family history of disease,CIR019 | FAC025,CIR019: Heart failure | FAC025: Other specified status,0.0727,0.5133,4.0995
CIR019 | FAC025,CIR019: Heart failure | FAC025: Other specified status,CIR008 | FAC021,CIR008: Hypertension with complications and secondary hypertension | FAC021: Personal/family history of disease,0.0727,0.581,4.0995
CIR008 | FAC021 | FAC025,CIR008: Hypertension with complications and secondary hypertension | FAC021: Personal/family history of disease | FAC025: Other specified status,CIR019,CIR019: Heart failure,0.0727,0.5982,4.0956
CIR011 | CIR019 | END010 | FAC025,CIR011: Coronary atherosclerosis and other heart disease | CIR019: Heart failure | END010: Disorders of lipid metabolism | FAC025: Other specified status,CIR008,CIR008: Hypertension with complications and secondary hypertension,0.0515,0.9721,4.0952
CIR008 | END010 | FAC021 | FAC025,CIR008: Hypertension with complications and secondary hypertension | END010: Disorders of lipid metabolism | FAC021: Personal/family history of disease | FAC025: Other specified status,GEN003,GEN003: Chronic kidney disease,0.0518,0.6677,4.0927
CIR011 | FAC025 | GEN003,CIR011: Coronary atherosclerosis and other heart disease | FAC025: Other specified status | GEN003: Chronic kidney disease,CIR008,CIR008: Hypertension with complications and secondary hypertension,0.0637,0.97,4.0863
CIR008 | END010 | FAC021,CIR008: Hypertension with complications and secondary hypertension | END010: Disorders of lipid metabolism | FAC021: Personal/family history of disease,GEN003,GEN003: Chronic kidney disease,0.0596,0.6667,4.0862
END010 | FAC025 | GEN003,END010: Disorders of lipid metabolism | FAC025: Other specified status | GEN003: Chronic kidney disease,CIR008,CIR008: Hypertension with complications and secondary hypertension,0.0821,0.9699,4.0861
CIR019 | END010,CIR019: Heart failure | END010: Disorders of lipid metabolism,CIR008,CIR008: Hypertension with complications and secondary hypertension,0.0859,0.9685,4.0801
FAC021 | GEN003,FAC021: Personal/family history of disease | GEN003: Chronic kidney disease,CIR008 | END010,CIR008: Hypertension with complications and secondary hypertension | END010: Disorders of lipid metabolism,0.0596,0.5813,4.0779
END010 | FAC021 | FAC025 | GEN003,END010: Disorders of lipid metabolism | FAC021: Personal/family history of disease | FAC025: Other specified status | GEN003: Chronic kidney disease,CIR008,CIR008: Hypertension with complications and secondary hypertension,0.0518,0.9678,4.077
CIR008 | END010 | GEN003,CIR008: Hypertension with complications and secondary hypertension | END010: Disorders of lipid metabolism | GEN003: Chronic kidney disease,END003 | FAC025,END003: Diabetes mellitus with complication | FAC025: Other specified status,0.0504,0.5252,4.077
END010 | GEN003,END010: Disorders of lipid metabolism | GEN003: Chronic kidney disease,CIR008,CIR008: Hypertension with complications and secondary hypertension,0.096,0.9669,4.0734
CIR011 | GEN003,CIR011: Coronary atherosclerosis and other heart disease | GEN003: Chronic kidney disease,CIR008,CIR008: Hypertension with complications and secondary hypertension,0.0737,0.9666,4.0722
CIR019 | END010 | FAC025,CIR019: Heart failure | END010: Disorders of lipid metabolism | FAC025: Other specified status,CIR008,CIR008: Hypertension with complications and secondary hypertension,0.0733,0.9665,4.0714
CIR008 | FAC021,CIR008: Hypertension with complications and secondary hypertension | FAC021: Personal/family history of disease,GEN003,GEN003: Chronic kidney disease,0.0941,0.664,4.0697
GEN003,GEN003: Chronic kidney disease,CIR008 | FAC021,CIR008: Hypertension with complications and secondary hypertension | FAC021: Personal/family history of disease,0.0941,0.5767,4.0697
CIR019 | END003,CIR019: Heart failure | END003: Diabetes mellitus with complication,CIR008,CIR008: Hypertension with complications and secondary hypertension,0.0555,0.9657,4.0683
END010 | FAC021 | GEN003,END010: Disorders of lipid metabolism | FAC021: Personal/family history of disease | GEN003: Chronic kidney disease,CIR008,CIR008: Hypertension with complications and secondary hypertension,0.0596,0.9654,4.0671
END010 | GEN003,END010: Disorders of lipid metabolism | GEN003: Chronic kidney disease,END003,END003: Diabetes mellitus with complication,0.0575,0.579,4.0596
CIR011 | CIR019 | FAC021,CIR011: Coronary atherosclerosis and other heart disease | CIR019: Heart failure | FAC021: Personal/family history of disease,CIR008,CIR008: Hypertension with complications and secondary hypertension,0.0529,0.9626,4.0553
BLD003 | GEN003,BLD003: Aplastic anemia | GEN003: Chronic kidney disease,CIR008 | FAC025,CIR008: Hypertension with complications and secondary hypertension | FAC025: Other specified status,0.0519,0.795,4.0459
CIR008 | FAC025,CIR008: Hypertension with complications and secondary hypertension | FAC025: Other specified status,CIR019,CIR019: Heart failure,0.1161,0.5909,4.0452
CIR019,CIR019: Heart failure,CIR008 | FAC025,CIR008: Hypertension with complications and secondary hypertension | FAC025: Other specified status,0.1161,0.7948,4.0452
CIR019 | GEN003,CIR019: Heart failure | GEN003: Chronic kidney disease,CIR008,CIR008: Hypertension with complications and secondary hypertension,0.074,0.9595,4.0422
FAC021 | GEN003,FAC021: Personal/family history of disease | GEN003: Chronic kidney disease,CIR008 | FAC025,CIR008: Hypertension with complications and secondary hypertension | FAC025: Other specified status,0.0815,0.7942,4.0422
CIR019 | FAC025 | GEN003,CIR019: Heart failure | FAC025: Other specified status | GEN003: Chronic kidney disease,CIR008,CIR008: Hypertension with complications and secondary hypertension,0.0644,0.9584,4.0376
CIR011 | CIR019 | FAC025,CIR011: Coronary atherosclerosis and other heart disease | CIR019: Heart failure | FAC025: Other specified status,CIR008,CIR008: Hypertension with complications and secondary hypertension,0.0718,0.9573,4.033
END003 | FAC025 | GEN003,END003: Diabetes mellitus with complication | FAC025: Other specified status | GEN003: Chronic kidney disease,CIR008,CIR008: Hypertension with complications and secondary hypertension,0.0705,0.9566,4.0298
CIR011 | CIR019,CIR011: Coronary atherosclerosis and other heart disease | CIR019: Heart failure,CIR008,CIR008: Hypertension with complications and secondary hypertension,0.0838,0.956,4.0272
END003 | GEN003,END003: Diabetes mellitus with complication | GEN003: Chronic kidney disease,CIR008,CIR008: Hypertension with complications and secondary hypertension,0.0782,0.9559,4.0268
CIR008 | FAC021,CIR008: Hypertension with complications and secondary hypertension | FAC021: Personal/family history of disease,CIR019,CIR019: Heart failure,0.0833,0.5875,4.0219
CIR019,CIR019: Heart failure,CIR008 | FAC021,CIR008: Hypertension with complications and secondary hypertension | FAC021: Personal/family history of disease,0.0833,0.57,4.0219
CIR008 | CIR011 | END010,CIR008: Hypertension with complications and secondary hypertension | CIR011: Coronary atherosclerosis and other heart disease | END010: Disorders of lipid metabolism,GEN003,GEN003: Chronic kidney disease,0.0544,0.6561,4.0214
END010 | GEN003,END010: Disorders of lipid metabolism | GEN003: Chronic kidney disease,END003 | FAC025,END003: Diabetes mellitus with complication | FAC025: Other specified status,0.0513,0.517,4.0128
GEN003,GEN003: Chronic kidney disease,CIR008 | FAC025,CIR008: Hypertension with complications and secondary hypertension | FAC025: Other specified status,0.1285,0.7876,4.0085
CIR008 | FAC025,CIR008: Hypertension with complications and secondary hypertension | FAC025: Other specified status,GEN003,GEN003: Chronic kidney disease,0.1285,0.654,4.0085
END003 | END010,END003: Diabetes mellitus with complication | END010: Disorders of lipid metabolism,CIR008 | GEN003,CIR008: Hypertension with complications and secondary hypertension | GEN003: Chronic kidney disease,0.0564,0.6016,4.0058
CIR008 | CIR011,CIR008: Hypertension with complications and secondary hypertension | CIR011: Coronary atherosclerosis and other heart disease,FAC025 | GEN003,FAC025: Other specified status | GEN003: Chronic kidney disease,0.0637,0.5559,4.0035
CIR008 | CIR011 | FAC025,CIR008: Hypertension with complications and secondary hypertension | CIR011: Coronary atherosclerosis and other heart disease | FAC025: Other specified status,GEN003,GEN003: Chronic kidney disease,0.0637,0.651,3.9902
CIR017 | CIR019,CIR017: Cardiac dysrhythmias | CIR019: Heart failure,CIR008 | FAC025,CIR008: Hypertension with complications and secondary hypertension | FAC025: Other specified status,0.0566,0.7838,3.9893
END003 | END010 | FAC025,END003: Diabetes mellitus with complication | END010: Disorders of lipid metabolism | FAC025: Other specified status,CIR008 | GEN003,CIR008: Hypertension with complications and secondary hypertension | GEN003: Chronic kidney disease,0.0504,0.5967,3.9733
CIR019 | FAC021 | FAC025,CIR019: Heart failure | FAC021: Personal/family history of disease | FAC025: Other specified status,CIR008,CIR008: Hypertension with complications and secondary hypertension,0.0727,0.9366,3.9455
BLD003 | FAC025 | GEN003,BLD003: Aplastic anemia | FAC025: Other specified status | GEN003: Chronic kidney disease,CIR008,CIR008: Hypertension with complications and secondary hypertension,0.0519,0.9363,3.9444
CIR008 | CIR011,CIR008: Hypertension with complications and secondary hypertension | CIR011: Coronary atherosclerosis and other heart disease,GEN003,GEN003: Chronic kidney disease,0.0737,0.6433,3.9428
END003 | END010,END003: Diabetes mellitus with complication | END010: Disorders of lipid metabolism,FAC025 | GEN003,FAC025: Other specified status | GEN003: Chronic kidney disease,0.0513,0.5473,3.9417
CIR019 | FAC021,CIR019: Heart failure | FAC021: Personal/family history of disease,CIR008,CIR008: Hypertension with complications and secondary hypertension,0.0833,0.9354,3.9407
DIG004 | GEN003,DIG004: Esophageal disorders | GEN003: Chronic kidney disease,CIR008,CIR008: Hypertension with complications and secondary hypertension,0.0539,0.9346,3.9371
BLD003 | GEN003,BLD003: Aplastic anemia | GEN003: Chronic kidney disease,CIR008,CIR008: Hypertension with complications and secondary hypertension,0.0609,0.9333,3.9319
END011 | GEN003,END011: Fluid and electrolyte disorders | GEN003: Chronic kidney disease,CIR008,CIR008: Hypertension with complications and secondary hypertension,0.0501,0.9285,3.9114
CIR019 | FAC025,CIR019: Heart failure | FAC025: Other specified status,CIR008,CIR008: Hypertension with complications and secondary hypertension,0.1161,0.9272,3.9061
CIR019,CIR019: Heart failure,CIR008,CIR008: Hypertension with complications and secondary hypertension,0.1354,0.9269,3.9049
CIR008,CIR008: Hypertension with complications and secondary hypertension,CIR019,CIR019: Heart failure,0.1354,0.5704,3.9049
CIR008,CIR008: Hypertension with complications and secondary hypertension,FAC025 | GEN003,FAC025: Other specified status | GEN003: Chronic kidney disease,0.1285,0.5413,3.8988
FAC025 | GEN003,FAC025: Other specified status | GEN003: Chronic kidney disease,CIR008,CIR008: Hypertension with complications and secondary hypertension,0.1285,0.9255,3.8988
CIR017 | CIR019,CIR017: Cardiac dysrhythmias | CIR019: Heart failure,CIR008,CIR008: Hypertension with complications and secondary hypertension,0.0668,0.9249,3.8964
CIR017 | GEN003,CIR017: Cardiac dysrhythmias | GEN003: Chronic kidney disease,CIR008,CIR008: Hypertension with complications and secondary hypertension,0.053,0.9242,3.8933
FAC021 | FAC025 | GEN003,FAC021: Personal/family history of disease | FAC025: Other specified status | GEN003: Chronic kidney disease,CIR008,CIR008: Hypertension with complications and secondary hypertension,0.0815,0.9211,3.8802
GEN003,GEN003: Chronic kidney disease,CIR008,CIR008: Hypertension with complications and secondary hypertension,0.1502,0.9205,3.8777
CIR008,CIR008: Hypertension with complications and secondary hypertension,GEN003,GEN003: Chronic kidney disease,0.1502,0.6327,3.8777
CIR017 | CIR019 | FAC025,CIR017: Cardiac dysrhythmias | CIR019: Heart failure | FAC025: Other specified status,CIR008,CIR008: Hypertension with complications and secondary hypertension,0.0566,0.9199,3.8753
FAC021 | GEN003,FAC021: Personal/family history of disease | GEN003: Chronic kidney disease,CIR008,CIR008: Hypertension with complications and secondary hypertension,0.0941,0.9175,3.8653
CIR008 | END003,CIR008: Hypertension with complications and secondary hypertension | END003: Diabetes mellitus with complication,CIR019,CIR019: Heart failure,0.0555,0.5638,3.8598
CIR008 | FAC025 | GEN003,CIR008: Hypertension with complications and secondary hypertension | FAC025: Other specified status | GEN003: Chronic kidney disease,END003,END003: Diabetes mellitus with complication,0.0705,0.5489,3.8485
CIR008 | CIR019 | END010,CIR008: Hypertension with complications and secondary hypertension | CIR019: Heart failure | END010: Disorders of lipid metabolism,CIR011 | FAC025,CIR011: Coronary atherosclerosis and other heart disease | FAC025: Other specified status,0.0515,0.5994,3.8343
CIR019 | END010,CIR019: Heart failure | END010: Disorders of lipid metabolism,CIR011 | FAC025,CIR011: Coronary atherosclerosis and other heart disease | FAC025: Other specified status,0.053,0.5972,3.8202
END003 | END010,END003: Diabetes mellitus with complication | END010: Disorders of lipid metabolism,GEN003,GEN003: Chronic kidney disease,0.0575,0.613,3.757
FAC025 | GEN003,FAC025: Other specified status | GEN003: Chronic kidney disease,END003,END003: Diabetes mellitus with complication,0.0737,0.531,3.7234
END003,END003: Diabetes mellitus with complication,FAC025 | GEN003,FAC025: Other specified status | GEN003: Chronic kidney disease,0.0737,0.517,3.7234
END003 | END010 | FAC025,END003: Diabetes mellitus with complication | END010: Disorders of lipid metabolism | FAC025: Other specified status,GEN003,GEN003: Chronic kidney disease,0.0513,0.6074,3.7229
CIR008 | CIR019 | END010 | FAC025,CIR008: Hypertension with complications and secondary hypertension | CIR019: Heart failure | END010: Disorders of lipid metabolism | FAC025: Other specified status,CIR011,CIR011: Coronary atherosclerosis and other heart disease,0.0515,0.7021,3.7082
CIR008 | CIR017,CIR008: Hypertension with complications and secondary hypertension | CIR017: Cardiac dysrhythmias,GEN003,GEN003: Chronic kidney disease,0.053,0.6043,3.704
CIR008 | CIR019 | END010,CIR008: Hypertension with complications and secondary hypertension | CIR019: Heart failure | END010: Disorders of lipid metabolism,CIR011,CIR011: Coronary atherosclerosis and other heart disease,0.0601,0.6998,3.696
CIR019 | END010 | FAC025,CIR019: Heart failure | END010: Disorders of lipid metabolism | FAC025: Other specified status,CIR011,CIR011: Coronary atherosclerosis and other heart disease,0.053,0.6981,3.6867
CIR019 | END010,CIR019: Heart failure | END010: Disorders of lipid metabolism,CIR011,CIR011: Coronary atherosclerosis and other heart disease,0.0617,0.6963,3.6774
CIR008 | END010 | FAC025,CIR008: Hypertension with complications and secondary hypertension | END010: Disorders of lipid metabolism | FAC025: Other specified status,END003,END003: Diabetes mellitus with complication,0.0634,0.5234,3.6698
END003,END003: Diabetes mellitus with complication,CIR008 | GEN003,CIR008: Hypertension with complications and secondary hypertension | GEN003: Chronic kidney disease,0.0782,0.5486,3.6533
CIR008 | GEN003,CIR008: Hypertension with complications and secondary hypertension | GEN003: Chronic kidney disease,END003,END003: Diabetes mellitus with complication,0.0782,0.521,3.6533
END003 | FAC025,END003: Diabetes mellitus with complication | FAC025: Other specified status,CIR008 | GEN003,CIR008: Hypertension with complications and secondary hypertension | GEN003: Chronic kidney disease,0.0705,0.5475,3.6456
GEN003,GEN003: Chronic kidney disease,END003,END003: Diabetes mellitus with complication,0.0819,0.5018,3.5181
END003,END003: Diabetes mellitus with complication,GEN003,GEN003: Chronic kidney disease,0.0819,0.574,3.5181
END003 | FAC025,END003: Diabetes mellitus with complication | FAC025: Other specified status,GEN003,GEN003: Chronic kidney disease,0.0737,0.5723,3.5081
CIR019 | END010,CIR019: Heart failure | END010: Disorders of lipid metabolism,GEN003,GEN003: Chronic kidney disease,0.0501,0.5648,3.4619
END010 | GEN003,END010: Disorders of lipid metabolism | GEN003: Chronic kidney disease,CIR019,CIR019: Heart failure,0.0501,0.5045,3.4541
END003 | END010,END003: Diabetes mellitus with complication | END010: Disorders of lipid metabolism,CIR008 | FAC025,CIR008: Hypertension with complications and secondary hypertension | FAC025: Other specified status,0.0634,0.676,3.4405
CIR011 | END003,CIR011: Coronary atherosclerosis and other heart disease | END003: Diabetes mellitus with complication,CIR008,CIR008: Hypertension with complications and secondary hypertension,0.055,0.8151,3.4337
CIR008 | FAC025 | GEN003,CIR008: Hypertension with complications and secondary hypertension | FAC025: Other specified status | GEN003: Chronic kidney disease,CIR019,CIR019: Heart failure,0.0644,0.501,3.4296
CIR019 | FAC025,CIR019: Heart failure | FAC025: Other specified status,CIR008 | GEN003,CIR008: Hypertension with complications and secondary hypertension | GEN003: Chronic kidney disease,0.0644,0.5141,3.4233
CIR008 | CIR019 | FAC025,CIR008: Hypertension with complications and secondary hypertension | CIR019: Heart failure | FAC025: Other specified status,GEN003,GEN003: Chronic kidney disease,0.0644,0.5545,3.3984
END003 | FAC021,END003: Diabetes mellitus with complication | FAC021: Personal/family history of disease,CIR008 | FAC025,CIR008: Hypertension with complications and secondary hypertension | FAC025: Other specified status,0.0534,0.6674,3.3964
CIR008 | CIR019,CIR008: Hypertension with complications and secondary hypertension | CIR019: Heart failure,CIR011 | FAC025,CIR011: Coronary atherosclerosis and other heart disease | FAC025: Other specified status,0.0718,0.5306,3.3942
CIR019,CIR019: Heart failure,CIR008 | GEN003,CIR008: Hypertension with complications and secondary hypertension | GEN003: Chronic kidney disease,0.074,0.5065,3.3725
GEN002,GEN002: Acute and unspecified renal failure,END011,END011: Fluid and electrolyte disorders,0.0527,0.5165,3.3549
CIR008 | CIR019 | FAC021,CIR008: Hypertension with complications and secondary hypertension | CIR019: Heart failure | FAC021: Personal/family history of disease,CIR011,CIR011: Coronary atherosclerosis and other heart disease,0.0529,0.6351,3.3543
CIR008 | CIR019,CIR008: Hypertension with complications and secondary hypertension | CIR019: Heart failure,GEN003,GEN003: Chronic kidney disease,0.074,0.5464,3.349
CIR019 | FAC025,CIR019: Heart failure | FAC025: Other specified status,GEN003,GEN003: Chronic kidney disease,0.0672,0.5364,3.2877
CIR019,CIR019: Heart failure,CIR011 | FAC025,CIR011: Coronary atherosclerosis and other heart disease | FAC025: Other specified status,0.075,0.5138,3.2864
CIR008 | CIR019 | FAC025,CIR008: Hypertension with complications and secondary hypertension | CIR019: Heart failure | FAC025: Other specified status,CIR011,CIR011: Coronary atherosclerosis and other heart disease,0.0718,0.6188,3.2682
CIR008 | CIR019,CIR008: Hypertension with complications and secondary hypertension | CIR019: Heart failure,CIR011,CIR011: Coronary atherosclerosis and other heart disease,0.0838,0.6186,3.2669
GEN002,GEN002: Acute and unspecified renal failure,GEN003,GEN003: Chronic kidney disease,0.0544,0.5326,3.2644
CIR019 | FAC021,CIR019: Heart failure | FAC021: Personal/family history of disease,CIR011,CIR011: Coronary atherosclerosis and other heart disease,0.0549,0.6172,3.2595
CIR019,CIR019: Heart failure,GEN003,GEN003: Chronic kidney disease,0.0771,0.5278,3.2352
END003 | END010,END003: Diabetes mellitus with complication | END010: Disorders of lipid metabolism,CIR008,CIR008: Hypertension with complications and secondary hypertension,0.071,0.7574,3.1909
CIR019,CIR019: Heart failure,CIR011,CIR011: Coronary atherosclerosis and other heart disease,0.0876,0.5998,3.1677
END003,END003: Diabetes mellitus with complication,CIR008 | FAC025,CIR008: Hypertension with complications and secondary hypertension | FAC025: Other specified status,0.0888,0.6223,3.1673
BLD003 | FAC025,BLD003: Aplastic anemia | FAC025: Other specified status,GEN003,GEN003: Chronic kidney disease,0.0554,0.5164,3.1655
CIR019 | FAC025,CIR019: Heart failure | FAC025: Other specified status,CIR011,CIR011: Coronary atherosclerosis and other heart disease,0.075,0.5993,3.1654
END003 | END010 | FAC025,END003: Diabetes mellitus with complication | END010: Disorders of lipid metabolism | FAC025: Other specified status,CIR008,CIR008: Hypertension with complications and secondary hypertension,0.0634,0.7502,3.1606
CIR017 | END010,CIR017: Cardiac dysrhythmias | END010: Disorders of lipid metabolism,CIR011,CIR011: Coronary atherosclerosis and other heart disease,0.0521,0.5968,3.152
CIR008 | END010 | FAC021,CIR008: Hypertension with complications and secondary hypertension | END010: Disorders of lipid metabolism | FAC021: Personal/family history of disease,CIR011,CIR011: Coronary atherosclerosis and other heart disease,0.0525,0.5868,3.099
CIR008 | END010 | FAC025,CIR008: Hypertension with complications and secondary hypertension | END010: Disorders of lipid metabolism | FAC025: Other specified status,CIR011,CIR011: Coronary atherosclerosis and other heart disease,0.0705,0.5824,3.0758
CIR008 | END010,CIR008: Hypertension with complications and secondary hypertension | END010: Disorders of lipid metabolism,CIR011,CIR011: Coronary atherosclerosis and other heart disease,0.0828,0.5812,3.0697
CIR008 | CIR017,CIR008: Hypertension with complications and secondary hypertension | CIR017: Cardiac dysrhythmias,CIR011,CIR011: Coronary atherosclerosis and other heart disease,0.0509,0.58,3.0631
END003 | FAC021 | FAC025,END003: Diabetes mellitus with complication | FAC021: Personal/family history of disease | FAC025: Other specified status,CIR008,CIR008: Hypertension with complications and secondary hypertension,0.0534,0.7135,3.0058
CIR008 | END010 | GEN003,CIR008: Hypertension with complications and secondary hypertension | END010: Disorders of lipid metabolism | GEN003: Chronic kidney disease,CIR011,CIR011: Coronary atherosclerosis and other heart disease,0.0544,0.5663,2.9909
END003 | FAC021,END003: Diabetes mellitus with complication | FAC021: Personal/family history of disease,CIR008,CIR008: Hypertension with complications and secondary hypertension,0.0566,0.7074,2.9801
CIR008 | END003,CIR008: Hypertension with complications and secondary hypertension | END003: Diabetes mellitus with complication,CIR011,CIR011: Coronary atherosclerosis and other heart disease,0.055,0.5588,2.9513
CIR011 | CIR017,CIR011: Coronary atherosclerosis and other heart disease | CIR017: Cardiac dysrhythmias,CIR008,CIR008: Hypertension with complications and secondary hypertension,0.0509,0.699,2.9446
END010 | GEN003,END010: Disorders of lipid metabolism | GEN003: Chronic kidney disease,CIR011,CIR011: Coronary atherosclerosis and other heart disease,0.0552,0.5558,2.9356
END003,END003: Diabetes mellitus with complication,CIR008,CIR008: Hypertension with complications and secondary hypertension,0.0984,0.6903,2.9079
END003 | FAC025,END003: Diabetes mellitus with complication | FAC025: Other specified status,CIR008,CIR008: Hypertension with complications and secondary hypertension,0.0888,0.689,2.9025
END003 | END010,END003: Diabetes mellitus with complication | END010: Disorders of lipid metabolism,CIR011,CIR011: Coronary atherosclerosis and other heart disease,0.0515,0.549,2.8997
CIR008 | FAC021 | FAC025,CIR008: Hypertension with complications and secondary hypertension | FAC021: Personal/family history of disease | FAC025: Other specified status,CIR011,CIR011: Coronary atherosclerosis and other heart disease,0.0636,0.5226,2.7602
CIR008 | END003 | GEN003,CIR008: Hypertension with complications and secondary hypertension | END003: Diabetes mellitus with complication | GEN003: Chronic kidney disease,END010 | FAC025,END010: Disorders of lipid metabolism | FAC025: Other specified status,0.0504,0.6443,2.7321
CIR008 | END003,CIR008: Hypertension with complications and secondary hypertension | END003: Diabetes mellitus with complication,END010 | FAC025,END010: Disorders of lipid metabolism | FAC025: Other specified status,0.0634,0.6439,2.7304
END003 | FAC021,END003: Diabetes mellitus with complication | FAC021: Personal/family history of disease,END010 | FAC025,END010: Disorders of lipid metabolism | FAC025: Other specified status,0.0509,0.6366,2.6994
CIR017 | END010,CIR017: Cardiac dysrhythmias | END010: Disorders of lipid metabolism,CIR008,CIR008: Hypertension with complications and secondary hypertension,0.0559,0.64,2.6963
CIR008 | FAC021,CIR008: Hypertension with complications and secondary hypertension | FAC021: Personal/family history of disease,CIR011,CIR011: Coronary atherosclerosis and other heart disease,0.0721,0.5087,2.6866
END010 | FAC021 | FAC025,END010: Disorders of lipid metabolism | FAC021: Personal/family history of disease | FAC025: Other specified status,CIR011,CIR011: Coronary atherosclerosis and other heart disease,0.0746,0.5078,2.6821
CIR011 | END010,CIR011: Coronary atherosclerosis and other heart disease | END010: Disorders of lipid metabolism,CIR008 | FAC025,CIR008: Hypertension with complications and secondary hypertension | FAC025: Other specified status,0.0705,0.5263,2.6788
CIR011 | FAC021,CIR011: Coronary atherosclerosis and other heart disease | FAC021: Personal/family history of disease,CIR008 | FAC025,CIR008: Hypertension with complications and secondary hypertension | FAC025: Other specified status,0.0636,0.5247,2.6707
END003 | GEN003,END003: Diabetes mellitus with complication | GEN003: Chronic kidney disease,END010 | FAC025,END010: Disorders of lipid metabolism | FAC025: Other specified status,0.0513,0.6269,2.6583
CIR011 | END010 | FAC025,CIR011: Coronary atherosclerosis and other heart disease | END010: Disorders of lipid metabolism | FAC025: Other specified status,CIR008,CIR008: Hypertension with complications and secondary hypertension,0.0705,0.6298,2.653
RSP012,RSP012: Respiratory failure; insufficiency; arrest,CIR008 | FAC025,CIR008: Hypertension with complications and secondary hypertension | FAC025: Other specified status,0.0503,0.5199,2.6462
CIR011 | FAC025,CIR011: Coronary atherosclerosis and other heart disease | FAC025: Other specified status,CIR008,CIR008: Hypertension with complications and secondary hypertension,0.0979,0.6261,2.6374
CIR011,CIR011: Coronary atherosclerosis and other heart disease,CIR008 | FAC025,CIR008: Hypertension with complications and secondary hypertension | FAC025: Other specified status,0.0979,0.5169,2.6308
CIR011 | FAC021 | FAC025,CIR011: Coronary atherosclerosis and other heart disease | FAC021: Personal/family history of disease | FAC025: Other specified status,CIR008,CIR008: Hypertension with complications and secondary hypertension,0.0636,0.6242,2.6296
GEN002,GEN002: Acute and unspecified renal failure,CIR008 | FAC025,CIR008: Hypertension with complications and secondary hypertension | FAC025: Other specified status,0.0526,0.5157,2.6246
CIR011 | FAC021,CIR011: Coronary atherosclerosis and other heart disease | FAC021: Personal/family history of disease,END010 | FAC025,END010: Disorders of lipid metabolism | FAC025: Other specified status,0.0746,0.6156,2.6105
CIR008 | CIR011,CIR008: Hypertension with complications and secondary hypertension | CIR011: Coronary atherosclerosis and other heart disease,END010 | FAC025,END010: Disorders of lipid metabolism | FAC025: Other specified status,0.0705,0.6153,2.6094
CIR008 | CIR011 | CIR019,CIR008: Hypertension with complications and secondary hypertension | CIR011: Coronary atherosclerosis and other heart disease | CIR019: Heart failure,END010 | FAC025,END010: Disorders of lipid metabolism | FAC025: Other specified status,0.0515,0.6147,2.6067
CIR011 | END010,CIR011: Coronary atherosclerosis and other heart disease | END010: Disorders of lipid metabolism,CIR008,CIR008: Hypertension with complications and secondary hypertension,0.0828,0.6183,2.6046
CIR011 | END003,CIR011: Coronary atherosclerosis and other heart disease | END003: Diabetes mellitus with complication,END010,END010: Disorders of lipid metabolism,0.0515,0.7628,2.5762
CIR011 | CIR019,CIR011: Coronary atherosclerosis and other heart disease | CIR019: Heart failure,END010 | FAC025,END010: Disorders of lipid metabolism | FAC025: Other specified status,0.053,0.6045,2.5634
CIR017,CIR017: Cardiac dysrhythmias,CIR008 | FAC025,CIR008: Hypertension with complications and secondary hypertension | FAC025: Other specified status,0.0749,0.5033,2.5616
CIR011,CIR011: Coronary atherosclerosis and other heart disease,CIR008,CIR008: Hypertension with complications and secondary hypertension,0.1146,0.6054,2.5503
CIR011 | END010 | FAC021,CIR011: Coronary atherosclerosis and other heart disease | END010: Disorders of lipid metabolism | FAC021: Personal/family history of disease,CIR008,CIR008: Hypertension with complications and secondary hypertension,0.0525,0.6034,2.542
GEN002,GEN002: Acute and unspecified renal failure,CIR008,CIR008: Hypertension with complications and secondary hypertension,0.0613,0.601,2.5317
CIR017 | FAC025,CIR017: Cardiac dysrhythmias | FAC025: Other specified status,CIR008,CIR008: Hypertension with complications and secondary hypertension,0.0749,0.6,2.5276
END003,END003: Diabetes mellitus with complication,END010 | FAC025,END010: Disorders of lipid metabolism | FAC025: Other specified status,0.0845,0.5924,2.5121
CIR011,CIR011: Coronary atherosclerosis and other heart disease,END010 | FAC025,END010: Disorders of lipid metabolism | FAC025: Other specified status,0.112,0.5915,2.5083
CIR011 | FAC021,CIR011: Coronary atherosclerosis and other heart disease | FAC021: Personal/family history of disease,CIR008,CIR008: Hypertension with complications and secondary hypertension,0.0721,0.5953,2.5076
FAC025 | GEN002,FAC025: Other specified status | GEN002: Acute and unspecified renal failure,CIR008,CIR008: Hypertension with complications and secondary hypertension,0.0526,0.5952,2.5073
CIR008 | CIR011 | GEN003,CIR008: Hypertension with complications and secondary hypertension | CIR011: Coronary atherosclerosis and other heart disease | GEN003: Chronic kidney disease,END010,END010: Disorders of lipid metabolism,0.0544,0.7372,2.4898
CIR017,CIR017: Cardiac dysrhythmias,CIR008,CIR008: Hypertension with complications and secondary hypertension,0.0878,0.59,2.4853
FAC025 | RSP012,FAC025: Other specified status | RSP012: Respiratory failure; insufficiency; arrest,CIR008,CIR008: Hypertension with complications and secondary hypertension,0.0503,0.5894,2.4831
BLD003 | FAC025,BLD003: Aplastic anemia | FAC025: Other specified status,CIR008,CIR008: Hypertension with complications and secondary hypertension,0.0631,0.5876,2.4754
CIR011 | FAC021 | FAC025,CIR011: Coronary atherosclerosis and other heart disease | FAC021: Personal/family history of disease | FAC025: Other specified status,END010,END010: Disorders of lipid metabolism,0.0746,0.7323,2.4731
CIR008 | CIR011 | FAC021,CIR008: Hypertension with complications and secondary hypertension | CIR011: Coronary atherosclerosis and other heart disease | FAC021: Personal/family history of disease,END010,END010: Disorders of lipid metabolism,0.0525,0.7278,2.4581
CIR011 | GEN003,CIR011: Coronary atherosclerosis and other heart disease | GEN003: Chronic kidney disease,END010,END010: Disorders of lipid metabolism,0.0552,0.7234,2.4431
CIR008 | CIR011,CIR008: Hypertension with complications and secondary hypertension | CIR011: Coronary atherosclerosis and other heart disease,END010,END010: Disorders of lipid metabolism,0.0828,0.7228,2.4411
CIR008 | END003,CIR008: Hypertension with complications and secondary hypertension | END003: Diabetes mellitus with complication,END010,END010: Disorders of lipid metabolism,0.071,0.7214,2.4366
CIR008 | END003 | GEN003,CIR008: Hypertension with complications and secondary hypertension | END003: Diabetes mellitus with complication | GEN003: Chronic kidney disease,END010,END010: Disorders of lipid metabolism,0.0564,0.7209,2.4347
CIR008 | CIR011 | FAC025,CIR008: Hypertension with complications and secondary hypertension | CIR011: Coronary atherosclerosis and other heart disease | FAC025: Other specified status,END010,END010: Disorders of lipid metabolism,0.0705,0.7206,2.4339
CIR011 | FAC021,CIR011: Coronary atherosclerosis and other heart disease | FAC021: Personal/family history of disease,END010,END010: Disorders of lipid metabolism,0.087,0.718,2.4249
CIR017 | FAC021,CIR017: Cardiac dysrhythmias | FAC021: Personal/family history of disease,CIR008,CIR008: Hypertension with complications and secondary hypertension,0.0542,0.5754,2.4241
CIR008 | CIR011 | CIR019,CIR008: Hypertension with complications and secondary hypertension | CIR011: Coronary atherosclerosis and other heart disease | CIR019: Heart failure,END010,END010: Disorders of lipid metabolism,0.0601,0.7176,2.4238
RSP012,RSP012: Respiratory failure; insufficiency; arrest,CIR008,CIR008: Hypertension with complications and secondary hypertension,0.0557,0.5751,2.4226
CIR008 | CIR011 | CIR019 | FAC025,CIR008: Hypertension with complications and secondary hypertension | CIR011: Coronary atherosclerosis and other heart disease | CIR019: Heart failure | FAC025: Other specified status,END010,END010: Disorders of lipid metabolism,0.0515,0.7166,2.4202
CIR011 | FAC025,CIR011: Coronary atherosclerosis and other heart disease | FAC025: Other specified status,END010,END010: Disorders of lipid metabolism,0.112,0.7164,2.4195
CIR011 | CIR017,CIR011: Coronary atherosclerosis and other heart disease | CIR017: Cardiac dysrhythmias,END010,END010: Disorders of lipid metabolism,0.0521,0.7159,2.4179
CIR008 | END003 | FAC025 | GEN003,CIR008: Hypertension with complications and secondary hypertension | END003: Diabetes mellitus with complication | FAC025: Other specified status | GEN003: Chronic kidney disease,END010,END010: Disorders of lipid metabolism,0.0504,0.7148,2.4141
CIR008 | END003 | FAC025,CIR008: Hypertension with complications and secondary hypertension | END003: Diabetes mellitus with complication | FAC025: Other specified status,END010,END010: Disorders of lipid metabolism,0.0634,0.7142,2.412
CIR008 | DIG004,CIR008: Hypertension with complications and secondary hypertension | DIG004: Esophageal disorders,END010,END010: Disorders of lipid metabolism,0.0543,0.7108,2.4005
CIR011,CIR011: Coronary atherosclerosis and other heart disease,END010,END010: Disorders of lipid metabolism,0.134,0.7077,2.3903
CIR011 | CIR019 | FAC025,CIR011: Coronary atherosclerosis and other heart disease | CIR019: Heart failure | FAC025: Other specified status,END010,END010: Disorders of lipid metabolism,0.053,0.7057,2.3834
CIR011 | CIR019,CIR011: Coronary atherosclerosis and other heart disease | CIR019: Heart failure,END010,END010: Disorders of lipid metabolism,0.0617,0.7048,2.3803
END003 | GEN003,END003: Diabetes mellitus with complication | GEN003: Chronic kidney disease,END010,END010: Disorders of lipid metabolism,0.0575,0.7021,2.3713
END003 | FAC025 | GEN003,END003: Diabetes mellitus with complication | FAC025: Other specified status | GEN003: Chronic kidney disease,END010,END010: Disorders of lipid metabolism,0.0513,0.696,2.3507
CIR008 | FAC021 | GEN003,CIR008: Hypertension with complications and secondary hypertension | FAC021: Personal/family history of disease | GEN003: Chronic kidney disease,END010 | FAC025,END010: Disorders of lipid metabolism | FAC025: Other specified status,0.0518,0.5506,2.3349
CIR008 | FAC021,CIR008: Hypertension with complications and secondary hypertension | FAC021: Personal/family history of disease,END010 | FAC025,END010: Disorders of lipid metabolism | FAC025: Other specified status,0.0776,0.5475,2.3218
CIR008 | GEN003,CIR008: Hypertension with complications and secondary hypertension | GEN003: Chronic kidney disease,END010 | FAC025,END010: Disorders of lipid metabolism | FAC025: Other specified status,0.0821,0.5467,2.3185
END003 | FAC021 | FAC025,END003: Diabetes mellitus with complication | FAC021: Personal/family history of disease | FAC025: Other specified status,END010,END010: Disorders of lipid metabolism,0.0509,0.6806,2.2986
CIR008 | CIR019,CIR008: Hypertension with complications and secondary hypertension | CIR019: Heart failure,END010 | FAC025,END010: Disorders of lipid metabolism | FAC025: Other specified status,0.0733,0.5415,2.2965
END003 | FAC021,END003: Diabetes mellitus with complication | FAC021: Personal/family history of disease,END010,END010: Disorders of lipid metabolism,0.0539,0.6745,2.2782
CIR008 | END009,CIR008: Hypertension with complications and secondary hypertension | END009: Obesity,END010,END010: Disorders of lipid metabolism,0.0521,0.6745,2.278
END009 | END010,END009: Obesity | END010: Disorders of lipid metabolism,CIR008,CIR008: Hypertension with complications and secondary hypertension,0.0521,0.5387,2.2692
END010 | FAC021 | FAC025,END010: Disorders of lipid metabolism | FAC021: Personal/family history of disease | FAC025: Other specified status,CIR008,CIR008: Hypertension with complications and secondary hypertension,0.0776,0.5285,2.2265
END003,END003: Diabetes mellitus with complication,END010,END010: Disorders of lipid metabolism,0.0938,0.6575,2.2205
END003 | FAC025,END003: Diabetes mellitus with complication | FAC025: Other specified status,END010,END010: Disorders of lipid metabolism,0.0845,0.6558,2.215
FAC021 | GEN003,FAC021: Personal/family history of disease | GEN003: Chronic kidney disease,END010 | FAC025,END010: Disorders of lipid metabolism | FAC025: Other specified status,0.0535,0.522,2.2137
CIR008 | CIR019 | FAC021,CIR008: Hypertension with complications and secondary hypertension | CIR019: Heart failure | FAC021: Personal/family history of disease,END010,END010: Disorders of lipid metabolism,0.0545,0.6548,2.2116
CIR019,CIR019: Heart failure,END010 | FAC025,END010: Disorders of lipid metabolism | FAC025: Other specified status,0.0759,0.5194,2.2025
GEN003,GEN003: Chronic kidney disease,END010 | FAC025,END010: Disorders of lipid metabolism | FAC025: Other specified status,0.0847,0.5189,2.2003
CIR019 | GEN003,CIR019: Heart failure | GEN003: Chronic kidney disease,END010,END010: Disorders of lipid metabolism,0.0501,0.6496,2.1941
DIG004 | FAC021 | FAC025,DIG004: Esophageal disorders | FAC021: Personal/family history of disease | FAC025: Other specified status,END010,END010: Disorders of lipid metabolism,0.0556,0.6454,2.1797
DIG004 | FAC021,DIG004: Esophageal disorders | FAC021: Personal/family history of disease,END010 | FAC025,END010: Disorders of lipid metabolism | FAC025: Other specified status,0.0556,0.5137,2.1782
DIG004 | END010,DIG004: Esophageal disorders | END010: Disorders of lipid metabolism,CIR008,CIR008: Hypertension with complications and secondary hypertension,0.0543,0.5148,2.1687
END010 | FAC025,END010: Disorders of lipid metabolism | FAC025: Other specified status,CIR008,CIR008: Hypertension with complications and secondary hypertension,0.1211,0.5136,2.1636
CIR008,CIR008: Hypertension with complications and secondary hypertension,END010 | FAC025,END010: Disorders of lipid metabolism | FAC025: Other specified status,0.1211,0.5102,2.1636
CIR008 | GEN003,CIR008: Hypertension with complications and secondary hypertension | GEN003: Chronic kidney disease,END010,END010: Disorders of lipid metabolism,0.096,0.6391,2.1587
CIR008 | FAC025 | GEN003,CIR008: Hypertension with complications and secondary hypertension | FAC025: Other specified status | GEN003: Chronic kidney disease,END010,END010: Disorders of lipid metabolism,0.0821,0.639,2.1581
CIR008 | FAC021 | FAC025,CIR008: Hypertension with complications and secondary hypertension | FAC021: Personal/family history of disease | FAC025: Other specified status,END010,END010: Disorders of lipid metabolism,0.0776,0.6381,2.1551
BLD003,BLD003: Aplastic anemia,CIR008,CIR008: Hypertension with complications and secondary hypertension,0.0777,0.5114,2.1542
CIR008 | CIR017,CIR008: Hypertension with complications and secondary hypertension | CIR017: Cardiac dysrhythmias,END010,END010: Disorders of lipid metabolism,0.0559,0.637,2.1516
CIR008 | FAC021 | FAC025 | GEN003,CIR008: Hypertension with complications and secondary hypertension | FAC021: Personal/family history of disease | FAC025: Other specified status | GEN003: Chronic kidney disease,END010,END010: Disorders of lipid metabolism,0.0518,0.6361,2.1483
RSP008,RSP008: Chronic obstructive pulmonary disease and bronchiectasis,FAC021 | FAC025,FAC021: Personal/family history of disease | FAC025: Other specified status,0.0542,0.581,2.1435
CIR008 | CIR019,CIR008: Hypertension with complications and secondary hypertension | CIR019: Heart failure,END010,END010: Disorders of lipid metabolism,0.0859,0.6343,2.1424
CIR008 | FAC021 | GEN003,CIR008: Hypertension with complications and secondary hypertension | FAC021: Personal/family history of disease | GEN003: Chronic kidney disease,END010,END010: Disorders of lipid metabolism,0.0596,0.6335,2.1396
CIR008 | CIR019 | FAC025,CIR008: Hypertension with complications and secondary hypertension | CIR019: Heart failure | FAC025: Other specified status,END010,END010: Disorders of lipid metabolism,0.0733,0.6315,2.133
CIR008 | FAC021,CIR008: Hypertension with complications and secondary hypertension | FAC021: Personal/family history of disease,END010,END010: Disorders of lipid metabolism,0.0894,0.6309,2.1309
CIR019 | FAC021,CIR019: Heart failure | FAC021: Personal/family history of disease,END010,END010: Disorders of lipid metabolism,0.0557,0.6255,2.1124
DIG004 | FAC025,DIG004: Esophageal disorders | FAC025: Other specified status,END010,END010: Disorders of lipid metabolism,0.0854,0.6176,2.0858
FAC022,FAC022: Acquired absence of limb or organ,FAC021 | FAC025,FAC021: Personal/family history of disease | FAC025: Other specified status,0.0502,0.5647,2.0834
CIR008 | FAC025,CIR008: Hypertension with complications and secondary hypertension | FAC025: Other specified status,END010,END010: Disorders of lipid metabolism,0.1211,0.6164,2.0818
DIG004 | FAC021,DIG004: Esophageal disorders | FAC021: Personal/family history of disease,END010,END010: Disorders of lipid metabolism,0.0661,0.6108,2.0628
FAC025 | GEN003,FAC025: Other specified status | GEN003: Chronic kidney disease,END010,END010: Disorders of lipid metabolism,0.0847,0.6097,2.0592
GEN003,GEN003: Chronic kidney disease,END010,END010: Disorders of lipid metabolism,0.0993,0.6085,2.055
CIR011 | END010,CIR011: Coronary atherosclerosis and other heart disease | END010: Disorders of lipid metabolism,FAC021 | FAC025,FAC021: Personal/family history of disease | FAC025: Other specified status,0.0746,0.5564,2.0527
CIR019,CIR019: Heart failure,END010,END010: Disorders of lipid metabolism,0.0887,0.6071,2.0504
CIR019 | FAC025,CIR019: Heart failure | FAC025: Other specified status,END010,END010: Disorders of lipid metabolism,0.0759,0.6059,2.0464
CIR008 | CIR011,CIR008: Hypertension with complications and secondary hypertension | CIR011: Coronary atherosclerosis and other heart disease,FAC021 | FAC025,FAC021: Personal/family history of disease | FAC025: Other specified status,0.0636,0.5544,2.0456
FAC021 | FAC025 | GEN003,FAC021: Personal/family history of disease | FAC025: Other specified status | GEN003: Chronic kidney disease,END010,END010: Disorders of lipid metabolism,0.0535,0.6054,2.0446
CIR007 | FAC021 | FAC025,CIR007: Essential hypertension | FAC021: Personal/family history of disease | FAC025: Other specified status,END010,END010: Disorders of lipid metabolism,0.0603,0.6049,2.0431
FAC021 | GEN003,FAC021: Personal/family history of disease | GEN003: Chronic kidney disease,END010,END010: Disorders of lipid metabolism,0.0617,0.6021,2.0335
CIR008,CIR008: Hypertension with complications and secondary hypertension,END010,END010: Disorders of lipid metabolism,0.1425,0.6005,2.0281
CIR017 | FAC021,CIR017: Cardiac dysrhythmias | FAC021: Personal/family history of disease,END010,END010: Disorders of lipid metabolism,0.0565,0.5998,2.0259
CIR008 | END010,CIR008: Hypertension with complications and secondary hypertension | END010: Disorders of lipid metabolism,FAC021 | FAC025,FAC021: Personal/family history of disease | FAC025: Other specified status,0.0776,0.5444,2.0084
END003 | END010,END003: Diabetes mellitus with complication | END010: Disorders of lipid metabolism,FAC021 | FAC025,FAC021: Personal/family history of disease | FAC025: Other specified status,0.0509,0.5429,2.003
CIR008 | GEN003,CIR008: Hypertension with complications and secondary hypertension | GEN003: Chronic kidney disease,FAC021 | FAC025,FAC021: Personal/family history of disease | FAC025: Other specified status,0.0815,0.5424,2.0011
CIR008 | END003,CIR008: Hypertension with complications and secondary hypertension | END003: Diabetes mellitus with complication,FAC021 | FAC025,FAC021: Personal/family history of disease | FAC025: Other specified status,0.0534,0.5421,2.0001
